mean_fit_time,std_fit_time,mean_score_time,std_score_time,param_max_depth,param_max_features,param_max_samples,param_min_samples_split,params,split0_test_score,split1_test_score,split2_test_score,split3_test_score,split4_test_score,mean_test_score,std_test_score,rank_test_score
0.5530849456787109,0.012057513279731912,0.016042661666870118,0.004211620464740313,3,0.7,0.7,0.01,"{'max_depth': 3, 'max_features': 0.7, 'max_samples': 0.7, 'min_samples_split': 0.01}",0.881243063263041,0.881243063263041,0.8890122086570478,0.8712541620421753,0.8777777777777778,0.8801060550006167,0.005756423061306347,126
0.6117184162139893,0.11168679668157211,0.017900466918945312,0.006884393015542604,3,0.7,0.7,0.03,"{'max_depth': 3, 'max_features': 0.7, 'max_samples': 0.7, 'min_samples_split': 0.03}",0.8779134295227525,0.8823529411764706,0.8923418423973363,0.8657047724750278,0.8755555555555555,0.8787737082254286,0.008704008744546477,157
0.5801764965057373,0.03628202876498644,0.019251298904418946,0.004590292592839329,3,0.7,0.7,0.07,"{'max_depth': 3, 'max_features': 0.7, 'max_samples': 0.7, 'min_samples_split': 0.07}",0.8645948945615982,0.881243063263041,0.8801331853496115,0.8634850166481687,0.8755555555555555,0.8730023430755951,0.00757023074356656,186
0.537010908126831,0.020503821642806466,0.016050004959106447,0.0026963953039227306,3,0.7,0.7,0.1,"{'max_depth': 3, 'max_features': 0.7, 'max_samples': 0.7, 'min_samples_split': 0.1}",0.8701442841287459,0.8690344062153164,0.8756936736958935,0.8612652608213096,0.8722222222222222,0.8696719694166977,0.004776338120964953,225
0.6055573463439942,0.0681175083030783,0.017389917373657228,0.0054912161883561095,3,0.7,0.8,0.01,"{'max_depth': 3, 'max_features': 0.7, 'max_samples': 0.8, 'min_samples_split': 0.01}",0.881243063263041,0.8856825749167592,0.8923418423973363,0.8668146503884573,0.8788888888888889,0.8809942039708965,0.008441608168143102,110
0.6569077014923096,0.0453431036661975,0.017708873748779295,0.0030252875446682053,3,0.7,0.8,0.03,"{'max_depth': 3, 'max_features': 0.7, 'max_samples': 0.8, 'min_samples_split': 0.03}",0.8779134295227525,0.881243063263041,0.8912319644839067,0.8701442841287459,0.8766666666666667,0.8794398816130226,0.006909900031245535,136
0.5389035701751709,0.05181181387545962,0.014001703262329102,0.002430191408187021,3,0.7,0.8,0.07,"{'max_depth': 3, 'max_features': 0.7, 'max_samples': 0.8, 'min_samples_split': 0.07}",0.8779134295227525,0.8823529411764706,0.8879023307436182,0.8679245283018868,0.8744444444444445,0.8781075348378344,0.006798691521619903,172
0.566303825378418,0.04127717036528455,0.012627696990966797,0.0019537399113776764,3,0.7,0.8,0.1,"{'max_depth': 3, 'max_features': 0.7, 'max_samples': 0.8, 'min_samples_split': 0.1}",0.8645948945615982,0.8690344062153164,0.8756936736958935,0.8601553829078802,0.8722222222222222,0.8683401159205821,0.005488973270520454,252
0.5697071552276611,0.02125967873577591,0.01628389358520508,0.004937623470597064,3,0.7,0.9,0.01,"{'max_depth': 3, 'max_features': 0.7, 'max_samples': 0.9, 'min_samples_split': 0.01}",0.8801331853496115,0.8790233074361821,0.8901220865704772,0.8668146503884573,0.88,0.8792186459489455,0.007405797416280265,142
0.5706668853759765,0.024859627212695756,0.017026710510253906,0.0006949473951868816,3,0.7,0.9,0.03,"{'max_depth': 3, 'max_features': 0.7, 'max_samples': 0.9, 'min_samples_split': 0.03}",0.8756936736958935,0.881243063263041,0.8867924528301887,0.8679245283018868,0.8755555555555555,0.877441854729313,0.0063099387474950626,177
0.5769876480102539,0.0284503687651686,0.0144134521484375,0.0024867977470954604,3,0.7,0.9,0.07,"{'max_depth': 3, 'max_features': 0.7, 'max_samples': 0.9, 'min_samples_split': 0.07}",0.876803551609323,0.881243063263041,0.8879023307436182,0.8690344062153164,0.8766666666666667,0.878330003699593,0.006190641965364448,164
0.618328857421875,0.1049034792345352,0.016249799728393556,0.0027076601822303248,3,0.7,0.9,0.1,"{'max_depth': 3, 'max_features': 0.7, 'max_samples': 0.9, 'min_samples_split': 0.1}",0.8645948945615982,0.8701442841287459,0.8756936736958935,0.8612652608213096,0.8722222222222222,0.868784067085954,0.0052056772610822,247
0.7009224891662598,0.06839180828158077,0.022435760498046874,0.005074736096025053,3,0.7,1.0,0.01,"{'max_depth': 3, 'max_features': 0.7, 'max_samples': 1.0, 'min_samples_split': 0.01}",0.8779134295227525,0.8845726970033296,0.8912319644839067,0.8668146503884573,0.8777777777777778,0.8796621038352448,0.008119620770716936,133
0.6874509811401367,0.09126402811724876,0.01886467933654785,0.005535411000459141,3,0.7,1.0,0.03,"{'max_depth': 3, 'max_features': 0.7, 'max_samples': 1.0, 'min_samples_split': 0.03}",0.8801331853496115,0.8845726970033296,0.8912319644839067,0.8668146503884573,0.8744444444444445,0.8794393883339499,0.008369355257106362,141
0.5966508388519287,0.024485989588219206,0.01414031982421875,0.0024178136014307286,3,0.7,1.0,0.07,"{'max_depth': 3, 'max_features': 0.7, 'max_samples': 1.0, 'min_samples_split': 0.07}",0.8756936736958935,0.8834628190899001,0.8856825749167592,0.8679245283018868,0.8755555555555555,0.877663830311999,0.006342064002632101,176
0.5988980770111084,0.0462185606895027,0.017386341094970705,0.003964845810080411,3,0.7,1.0,0.1,"{'max_depth': 3, 'max_features': 0.7, 'max_samples': 1.0, 'min_samples_split': 0.1}",0.8645948945615982,0.8701442841287459,0.876803551609323,0.8601553829078802,0.8755555555555555,0.8694507337526206,0.006352897187575763,227
0.571201229095459,0.02243167766554951,0.014795970916748048,0.002924290129364828,3,0.8,0.7,0.01,"{'max_depth': 3, 'max_features': 0.8, 'max_samples': 0.7, 'min_samples_split': 0.01}",0.881243063263041,0.8834628190899001,0.8901220865704772,0.8723640399556049,0.8844444444444445,0.8823272906646935,0.005778797831643496,103
0.5857103824615478,0.020570745250167267,0.016978883743286134,0.005441936670604701,3,0.8,0.7,0.03,"{'max_depth': 3, 'max_features': 0.8, 'max_samples': 0.7, 'min_samples_split': 0.03}",0.8779134295227525,0.8823529411764706,0.8890122086570478,0.8701442841287459,0.8744444444444445,0.8787734615858922,0.006505188142920426,159
0.5780418395996094,0.03683094319913429,0.012316608428955078,0.00222092124756849,3,0.8,0.7,0.07,"{'max_depth': 3, 'max_features': 0.8, 'max_samples': 0.7, 'min_samples_split': 0.07}",0.8623751387347391,0.8823529411764706,0.8823529411764706,0.8690344062153164,0.8744444444444445,0.8741119743494883,0.0077391551639140405,182
0.6337701320648194,0.05509997209592618,0.014345169067382812,0.003816223217815649,3,0.8,0.7,0.1,"{'max_depth': 3, 'max_features': 0.8, 'max_samples': 0.7, 'min_samples_split': 0.1}",0.8623751387347391,0.8690344062153164,0.8756936736958935,0.8612652608213096,0.8722222222222222,0.8681181403378961,0.005568047449729994,256
0.8624847412109375,0.08757145826258445,0.023813247680664062,0.004581952640830999,3,0.8,0.8,0.01,"{'max_depth': 3, 'max_features': 0.8, 'max_samples': 0.8, 'min_samples_split': 0.01}",0.8823529411764706,0.8867924528301887,0.8901220865704772,0.8712541620421753,0.8822222222222222,0.8825487729683068,0.006373023130981278,101
0.9115560531616211,0.03751030044789836,0.02469501495361328,0.007069765101838928,3,0.8,0.8,0.03,"{'max_depth': 3, 'max_features': 0.8, 'max_samples': 0.8, 'min_samples_split': 0.03}",0.876803551609323,0.881243063263041,0.8901220865704772,0.8690344062153164,0.8755555555555555,0.8785517326427426,0.006981820205510569,161
0.7911602020263672,0.07456054378998629,0.017977142333984376,0.006783488763797382,3,0.8,0.8,0.07,"{'max_depth': 3, 'max_features': 0.8, 'max_samples': 0.8, 'min_samples_split': 0.07}",0.8790233074361821,0.8801331853496115,0.8879023307436182,0.8690344062153164,0.8755555555555555,0.8783297570600567,0.006155765979330219,166
0.7574851512908936,0.08909830331648075,0.018781423568725586,0.004211568001253957,3,0.8,0.8,0.1,"{'max_depth': 3, 'max_features': 0.8, 'max_samples': 0.8, 'min_samples_split': 0.1}",0.8645948945615982,0.8723640399556049,0.8779134295227525,0.8612652608213096,0.8733333333333333,0.8698941916389197,0.006079095641754542,212
0.8751994609832764,0.07545467228910724,0.02449517250061035,0.003740451539332471,3,0.8,0.9,0.01,"{'max_depth': 3, 'max_features': 0.8, 'max_samples': 0.9, 'min_samples_split': 0.01}",0.8790233074361821,0.8845726970033296,0.8901220865704772,0.8712541620421753,0.88,0.8809944506104328,0.006258836062564471,109
0.8682583332061767,0.05988578164620051,0.018445253372192383,0.0041025336696514725,3,0.8,0.9,0.03,"{'max_depth': 3, 'max_features': 0.8, 'max_samples': 0.9, 'min_samples_split': 0.03}",0.881243063263041,0.881243063263041,0.8890122086570478,0.8634850166481687,0.8788888888888889,0.8787744481440374,0.008375913964269757,153
0.8166391849517822,0.106639090903504,0.019657135009765625,0.0058885661192521555,3,0.8,0.9,0.07,"{'max_depth': 3, 'max_features': 0.8, 'max_samples': 0.9, 'min_samples_split': 0.07}",0.8756936736958935,0.8834628190899001,0.8879023307436182,0.8690344062153164,0.8744444444444445,0.8781075348378344,0.006725826582656691,172
0.7610785484313964,0.09624631922755429,0.017085838317871093,0.003429858625730949,3,0.8,0.9,0.1,"{'max_depth': 3, 'max_features': 0.8, 'max_samples': 0.9, 'min_samples_split': 0.1}",0.8623751387347391,0.876803551609323,0.8756936736958935,0.8612652608213096,0.8744444444444445,0.8701164138611419,0.006823866029966859,209
0.7380334854125976,0.07733953549747963,0.013954734802246094,0.004349046077306622,3,0.8,1.0,0.01,"{'max_depth': 3, 'max_features': 0.8, 'max_samples': 1.0, 'min_samples_split': 0.01}",0.8823529411764706,0.8845726970033296,0.8901220865704772,0.8712541620421753,0.8822222222222222,0.882104821802935,0.006134804082989745,104
0.7519924640655518,0.07629469039806487,0.015466547012329102,0.0030217481617278493,3,0.8,1.0,0.03,"{'max_depth': 3, 'max_features': 0.8, 'max_samples': 1.0, 'min_samples_split': 0.03}",0.8779134295227525,0.8834628190899001,0.8901220865704772,0.8690344062153164,0.8788888888888889,0.8798843260574669,0.0069312833096498595,129
0.7175770282745362,0.026610973045817284,0.01644611358642578,0.0038677543861806787,3,0.8,1.0,0.07,"{'max_depth': 3, 'max_features': 0.8, 'max_samples': 1.0, 'min_samples_split': 0.07}",0.8779134295227525,0.8834628190899001,0.8890122086570478,0.8679245283018868,0.8755555555555555,0.8787737082254286,0.007150048151639845,157
0.6965378761291504,0.08676194556506181,0.012528705596923827,0.004190142103055348,3,0.8,1.0,0.1,"{'max_depth': 3, 'max_features': 0.8, 'max_samples': 1.0, 'min_samples_split': 0.1}",0.8634850166481687,0.8701442841287459,0.8756936736958935,0.8612652608213096,0.8744444444444445,0.8690065359477124,0.005761903278662707,240
0.623097038269043,0.04872270777959175,0.015351390838623047,0.0025163350350714867,3,0.9,0.7,0.01,"{'max_depth': 3, 'max_features': 0.9, 'max_samples': 0.7, 'min_samples_split': 0.01}",0.8801331853496115,0.8856825749167592,0.8912319644839067,0.8712541620421753,0.8822222222222222,0.882104821802935,0.006599136326347362,104
0.6798864364624023,0.06458966886484004,0.01592364311218262,0.004235279430153095,3,0.9,0.7,0.03,"{'max_depth': 3, 'max_features': 0.9, 'max_samples': 0.7, 'min_samples_split': 0.03}",0.8779134295227525,0.8834628190899001,0.8890122086570478,0.8679245283018868,0.8777777777777778,0.879218152669873,0.007003765549799639,144
0.7267548561096191,0.08498841725510958,0.016231060028076172,0.006660407093502145,3,0.9,0.7,0.07,"{'max_depth': 3, 'max_features': 0.9, 'max_samples': 0.7, 'min_samples_split': 0.07}",0.8623751387347391,0.8801331853496115,0.8779134295227525,0.8601553829078802,0.8777777777777778,0.8716709828585522,0.00856611598962683,192
0.6198646068572998,0.09489258842596959,0.01568889617919922,0.003523600010303855,3,0.9,0.7,0.1,"{'max_depth': 3, 'max_features': 0.9, 'max_samples': 0.7, 'min_samples_split': 0.1}",0.8623751387347391,0.8834628190899001,0.8756936736958935,0.8612652608213096,0.8733333333333333,0.8712260451350351,0.008386832221790375,194
0.7025363445281982,0.08137935937229723,0.016213464736938476,0.004149669229414687,3,0.9,0.8,0.01,"{'max_depth': 3, 'max_features': 0.9, 'max_samples': 0.8, 'min_samples_split': 0.01}",0.8801331853496115,0.8867924528301887,0.8912319644839067,0.8723640399556049,0.8822222222222222,0.8825487729683068,0.006373023130981278,101
0.8312283039093018,0.1521016543573737,0.015153455734252929,0.0022168428795192635,3,0.9,0.8,0.03,"{'max_depth': 3, 'max_features': 0.9, 'max_samples': 0.8, 'min_samples_split': 0.03}",0.8801331853496115,0.8845726970033296,0.8923418423973363,0.8690344062153164,0.8777777777777778,0.8807719817486742,0.007687016450307593,114
0.689934492111206,0.11024732160035842,0.012934637069702149,0.0008180066247059041,3,0.9,0.8,0.07,"{'max_depth': 3, 'max_features': 0.9, 'max_samples': 0.8, 'min_samples_split': 0.07}",0.876803551609323,0.8801331853496115,0.8879023307436182,0.8690344062153164,0.8766666666666667,0.8781080281169071,0.006101465757715612,169
0.6255279541015625,0.04081467672818642,0.016332101821899415,0.003282449347208935,3,0.9,0.8,0.1,"{'max_depth': 3, 'max_features': 0.9, 'max_samples': 0.8, 'min_samples_split': 0.1}",0.8623751387347391,0.8701442841287459,0.8890122086570478,0.8612652608213096,0.8733333333333333,0.8712260451350351,0.009995141334754088,194
0.589351749420166,0.034313221508089964,0.011563539505004883,0.0007986250313406522,3,0.9,0.9,0.01,"{'max_depth': 3, 'max_features': 0.9, 'max_samples': 0.9, 'min_samples_split': 0.01}",0.8801331853496115,0.8834628190899001,0.8912319644839067,0.8712541620421753,0.8833333333333333,0.8818830928597855,0.006450371766917537,106
0.6925117492675781,0.07251230118593134,0.018099641799926756,0.006008454946225704,3,0.9,0.9,0.03,"{'max_depth': 3, 'max_features': 0.9, 'max_samples': 0.9, 'min_samples_split': 0.03}",0.8801331853496115,0.8845726970033296,0.8890122086570478,0.8701442841287459,0.88,0.8807724750277469,0.00626576009901759,113
0.6056295394897461,0.024724452813241975,0.014846181869506836,0.001764702560988049,3,0.9,0.9,0.07,"{'max_depth': 3, 'max_features': 0.9, 'max_samples': 0.9, 'min_samples_split': 0.07}",0.8745837957824639,0.8834628190899001,0.8879023307436182,0.8690344062153164,0.8766666666666667,0.878330003699593,0.006651077135350412,164
0.6914685726165771,0.062051651978196495,0.014520835876464844,0.004328846492280929,3,0.9,0.9,0.1,"{'max_depth': 3, 'max_features': 0.9, 'max_samples': 0.9, 'min_samples_split': 0.1}",0.8634850166481687,0.8701442841287459,0.8756936736958935,0.8612652608213096,0.8722222222222222,0.8685620915032679,0.005399625580344859,250
0.6871336460113525,0.09791104055507856,0.011735963821411132,0.00045213591220052973,3,0.9,1.0,0.01,"{'max_depth': 3, 'max_features': 0.9, 'max_samples': 1.0, 'min_samples_split': 0.01}",0.8801331853496115,0.8867924528301887,0.8912319644839067,0.8723640399556049,0.8877777777777778,0.883659884079418,0.006695373560028468,97
0.6691668033599854,0.07942338837410741,0.011585187911987305,0.0009057533480543085,3,0.9,1.0,0.03,"{'max_depth': 3, 'max_features': 0.9, 'max_samples': 1.0, 'min_samples_split': 0.03}",0.8790233074361821,0.881243063263041,0.8912319644839067,0.8690344062153164,0.8811111111111111,0.8803287705019114,0.007065331210143983,117
0.8459202766418457,0.12756468425832415,0.015850257873535157,0.005085445021277871,3,0.9,1.0,0.07,"{'max_depth': 3, 'max_features': 0.9, 'max_samples': 1.0, 'min_samples_split': 0.07}",0.8790233074361821,0.8834628190899001,0.8901220865704772,0.8690344062153164,0.8744444444444445,0.879217412751264,0.007258759005862703,148
0.825789213180542,0.09650586031759875,0.011991786956787109,0.000915051530337494,3,0.9,1.0,0.1,"{'max_depth': 3, 'max_features': 0.9, 'max_samples': 1.0, 'min_samples_split': 0.1}",0.8623751387347391,0.8701442841287459,0.8779134295227525,0.8612652608213096,0.8722222222222222,0.868784067085954,0.0062389609696365065,247
0.6551001071929932,0.10977052761952505,0.013033437728881835,0.0007749460525103169,3,1.0,0.7,0.01,"{'max_depth': 3, 'max_features': 1.0, 'max_samples': 0.7, 'min_samples_split': 0.01}",0.8801331853496115,0.8845726970033296,0.8901220865704772,0.8745837957824639,0.8877777777777778,0.8834379084967321,0.005551881733050239,99
0.6364964485168457,0.04307608035536199,0.014122867584228515,0.001546105875519942,3,1.0,0.7,0.03,"{'max_depth': 3, 'max_features': 1.0, 'max_samples': 0.7, 'min_samples_split': 0.03}",0.8745837957824639,0.8834628190899001,0.8890122086570478,0.8679245283018868,0.8755555555555555,0.8781077814773708,0.007351379972744982,171
0.6990099906921386,0.07543411604593568,0.01416153907775879,0.0024821605884346952,3,1.0,0.7,0.07,"{'max_depth': 3, 'max_features': 1.0, 'max_samples': 0.7, 'min_samples_split': 0.07}",0.8623751387347391,0.8690344062153164,0.8879023307436182,0.8612652608213096,0.8755555555555555,0.8712265384141078,0.009789813178703633,193
0.6441027164459229,0.07439440695196789,0.015523147583007813,0.003840918503657057,3,1.0,0.7,0.1,"{'max_depth': 3, 'max_features': 1.0, 'max_samples': 0.7, 'min_samples_split': 0.1}",0.8623751387347391,0.8701442841287459,0.8779134295227525,0.8612652608213096,0.8722222222222222,0.868784067085954,0.0062389609696365065,247
0.7390419006347656,0.06764802411179585,0.015475797653198241,0.003404474550614747,3,1.0,0.8,0.01,"{'max_depth': 3, 'max_features': 1.0, 'max_samples': 0.8, 'min_samples_split': 0.01}",0.881243063263041,0.8834628190899001,0.8912319644839067,0.8723640399556049,0.8788888888888889,0.8814381551362682,0.006146451841737633,107
0.9196516036987304,0.1680424099822386,0.02451491355895996,0.004703057729635282,3,1.0,0.8,0.03,"{'max_depth': 3, 'max_features': 1.0, 'max_samples': 0.8, 'min_samples_split': 0.03}",0.8801331853496115,0.8845726970033296,0.8901220865704772,0.8723640399556049,0.8777777777777778,0.8809939573313603,0.0060281064072154516,112
1.0808573722839356,0.03598579956655608,0.02344622611999512,0.007139405508408654,3,1.0,0.8,0.07,"{'max_depth': 3, 'max_features': 1.0, 'max_samples': 0.8, 'min_samples_split': 0.07}",0.876803551609323,0.8834628190899001,0.8901220865704772,0.8679245283018868,0.8733333333333333,0.878329263780984,0.007758475346517411,168
0.8045995235443115,0.13294238628269345,0.01457352638244629,0.00401999426197672,3,1.0,0.8,0.1,"{'max_depth': 3, 'max_features': 1.0, 'max_samples': 0.8, 'min_samples_split': 0.1}",0.8623751387347391,0.8701442841287459,0.8756936736958935,0.8612652608213096,0.8722222222222222,0.8683401159205821,0.00562201230377085,252
0.6975939750671387,0.04835092195921686,0.014183616638183594,0.0031789559804261736,3,1.0,0.9,0.01,"{'max_depth': 3, 'max_features': 1.0, 'max_samples': 0.9, 'min_samples_split': 0.01}",0.8823529411764706,0.8867924528301887,0.8923418423973363,0.8701442841287459,0.8866666666666667,0.8836596374398816,0.007464712589421976,98
0.6798494338989258,0.02847559031900434,0.013090848922729492,0.002167838060234259,3,1.0,0.9,0.03,"{'max_depth': 3, 'max_features': 1.0, 'max_samples': 0.9, 'min_samples_split': 0.03}",0.8801331853496115,0.8856825749167592,0.8890122086570478,0.8690344062153164,0.8766666666666667,0.8801058083610803,0.006997552172231792,127
0.6984344959259033,0.0430839183129487,0.018808937072753905,0.004846992470290206,3,1.0,0.9,0.07,"{'max_depth': 3, 'max_features': 1.0, 'max_samples': 0.9, 'min_samples_split': 0.07}",0.876803551609323,0.8823529411764706,0.8901220865704772,0.8668146503884573,0.8755555555555555,0.8783297570600567,0.0077183965231210835,166
0.6275807380676269,0.05429106863579228,0.012094736099243164,0.0022587595645584884,3,1.0,0.9,0.1,"{'max_depth': 3, 'max_features': 1.0, 'max_samples': 0.9, 'min_samples_split': 0.1}",0.8623751387347391,0.8701442841287459,0.876803551609323,0.8612652608213096,0.8722222222222222,0.8685620915032679,0.005921886145896783,250
0.6769883632659912,0.07068005039555983,0.012636327743530273,0.0018862503724438441,3,1.0,1.0,0.01,"{'max_depth': 3, 'max_features': 1.0, 'max_samples': 1.0, 'min_samples_split': 0.01}",0.881243063263041,0.8867924528301887,0.8923418423973363,0.8723640399556049,0.8833333333333333,0.8832149463559009,0.006599140732565986,100
0.7432148456573486,0.04867129093007573,0.013811063766479493,0.002834229879401176,3,1.0,1.0,0.03,"{'max_depth': 3, 'max_features': 1.0, 'max_samples': 1.0, 'min_samples_split': 0.03}",0.8745837957824639,0.8834628190899001,0.8901220865704772,0.8690344062153164,0.8766666666666667,0.8787739548649649,0.007316043268212042,154
0.7365500926971436,0.03892845384241845,0.01660332679748535,0.004063485665155625,3,1.0,1.0,0.07,"{'max_depth': 3, 'max_features': 1.0, 'max_samples': 1.0, 'min_samples_split': 0.07}",0.876803551609323,0.8834628190899001,0.8901220865704772,0.8634850166481687,0.8766666666666667,0.8781080281169071,0.008838812511804737,169
0.9413011074066162,0.10964660790202138,0.020780563354492188,0.005140191133995704,3,1.0,1.0,0.1,"{'max_depth': 3, 'max_features': 1.0, 'max_samples': 1.0, 'min_samples_split': 0.1}",0.8623751387347391,0.8701442841287459,0.8756936736958935,0.8612652608213096,0.8722222222222222,0.8683401159205821,0.00562201230377085,252
0.9252783775329589,0.08264551813500427,0.021641349792480467,0.0037648953886785293,5,0.7,0.7,0.01,"{'max_depth': 5, 'max_features': 0.7, 'max_samples': 0.7, 'min_samples_split': 0.01}",0.8934517203107658,0.9067702552719201,0.9067702552719201,0.8801331853496115,0.8977777777777778,0.8969806387963992,0.009885328172105757,32
0.7942137241363525,0.07834027854627235,0.020932912826538086,0.002714506395393419,5,0.7,0.7,0.03,"{'max_depth': 5, 'max_features': 0.7, 'max_samples': 0.7, 'min_samples_split': 0.03}",0.8890122086570478,0.8923418423973363,0.8945615982241953,0.8668146503884573,0.8822222222222222,0.8849905043778519,0.009998471560578665,93
0.7153267383575439,0.13392790648994726,0.02126336097717285,0.007892414150139422,5,0.7,0.7,0.07,"{'max_depth': 5, 'max_features': 0.7, 'max_samples': 0.7, 'min_samples_split': 0.07}",0.8668146503884573,0.8701442841287459,0.8890122086570478,0.8623751387347391,0.8777777777777778,0.8732248119373537,0.009362335439356615,185
0.8395037174224853,0.08870647984140564,0.019997596740722656,0.0023632365525591103,5,0.7,0.7,0.1,"{'max_depth': 5, 'max_features': 0.7, 'max_samples': 0.7, 'min_samples_split': 0.1}",0.8634850166481687,0.8712541620421753,0.876803551609323,0.8657047724750278,0.8755555555555555,0.8705606116660501,0.0052544837010876765,201
1.1042706966400146,0.07577803543618974,0.023481416702270507,0.007477514572530403,5,0.7,0.8,0.01,"{'max_depth': 5, 'max_features': 0.7, 'max_samples': 0.8, 'min_samples_split': 0.01}",0.8956714761376249,0.9001109877913429,0.9078801331853497,0.8790233074361821,0.8944444444444445,0.8954260697989888,0.009456495938401428,36
0.958525562286377,0.11670796206044583,0.021372604370117187,0.010800349815943234,5,0.7,0.8,0.03,"{'max_depth': 5, 'max_features': 0.7, 'max_samples': 0.8, 'min_samples_split': 0.03}",0.8867924528301887,0.8956714761376249,0.897891231964484,0.8679245283018868,0.8844444444444445,0.8865448267357257,0.010613435627899088,83
1.1521189212799072,0.1132160110096653,0.028293132781982422,0.004672285657259542,5,0.7,0.8,0.07,"{'max_depth': 5, 'max_features': 0.7, 'max_samples': 0.8, 'min_samples_split': 0.07}",0.8756936736958935,0.881243063263041,0.8923418423973363,0.8690344062153164,0.8766666666666667,0.8789959304476508,0.007729492947225951,152
0.9829047203063965,0.09989130653875414,0.0204317569732666,0.0053695869486959855,5,0.7,0.8,0.1,"{'max_depth': 5, 'max_features': 0.7, 'max_samples': 0.8, 'min_samples_split': 0.1}",0.8657047724750278,0.8701442841287459,0.876803551609323,0.8601553829078802,0.8755555555555555,0.8696727093353065,0.006196824981022985,214
1.2900039196014403,0.08444018130998793,0.01899380683898926,0.004795437806057038,5,0.7,0.9,0.01,"{'max_depth': 5, 'max_features': 0.7, 'max_samples': 0.9, 'min_samples_split': 0.01}",0.8923418423973363,0.897891231964484,0.9100998890122086,0.8790233074361821,0.8966666666666666,0.8952045874953756,0.010012540887649687,37
1.0971220016479493,0.179768736923431,0.024207067489624024,0.00541845859445705,5,0.7,0.9,0.03,"{'max_depth': 5, 'max_features': 0.7, 'max_samples': 0.9, 'min_samples_split': 0.03}",0.8856825749167592,0.8967813540510544,0.9012208657047724,0.8712541620421753,0.8866666666666667,0.8883211246762854,0.010382284809895495,70
1.09026198387146,0.11200137908172443,0.023568201065063476,0.010254732310271693,5,0.7,0.9,0.07,"{'max_depth': 5, 'max_features': 0.7, 'max_samples': 0.9, 'min_samples_split': 0.07}",0.8823529411764706,0.8823529411764706,0.8912319644839067,0.8690344062153164,0.8766666666666667,0.8803277839437662,0.007321855463206748,121
0.8690964221954346,0.08583523955671814,0.01689596176147461,0.004883877408050164,5,0.7,0.9,0.1,"{'max_depth': 5, 'max_features': 0.7, 'max_samples': 0.9, 'min_samples_split': 0.1}",0.8657047724750278,0.8701442841287459,0.876803551609323,0.8657047724750278,0.8744444444444445,0.8705603650265138,0.004503112989880275,202
1.2322895050048828,0.08923899683242172,0.02295408248901367,0.007678507705256785,5,0.7,1.0,0.01,"{'max_depth': 5, 'max_features': 0.7, 'max_samples': 1.0, 'min_samples_split': 0.01}",0.8912319644839067,0.8990011098779135,0.9100998890122086,0.8801331853496115,0.8988888888888888,0.8958710075225058,0.009905210590436898,34
1.225655460357666,0.15666096693231274,0.02496047019958496,0.005769280462279775,5,0.7,1.0,0.03,"{'max_depth': 5, 'max_features': 0.7, 'max_samples': 1.0, 'min_samples_split': 0.03}",0.8867924528301887,0.9001109877913429,0.897891231964484,0.8679245283018868,0.8888888888888888,0.8883216179553581,0.011395333799736578,68
1.1517765522003174,0.07991461434483461,0.024622488021850585,0.00646663615191622,5,0.7,1.0,0.07,"{'max_depth': 5, 'max_features': 0.7, 'max_samples': 1.0, 'min_samples_split': 0.07}",0.8779134295227525,0.881243063263041,0.8901220865704772,0.8645948945615982,0.8788888888888889,0.8785524725613515,0.008202813934425044,160
1.121751308441162,0.1281040918342228,0.027462244033813477,0.007681494525095674,5,0.7,1.0,0.1,"{'max_depth': 5, 'max_features': 0.7, 'max_samples': 1.0, 'min_samples_split': 0.1}",0.8657047724750278,0.8701442841287459,0.8779134295227525,0.8612652608213096,0.8777777777777778,0.8705611049451228,0.00657734697420921,200
1.1131001949310302,0.07845926353930137,0.027048778533935548,0.00710815455286635,5,0.8,0.7,0.01,"{'max_depth': 5, 'max_features': 0.8, 'max_samples': 0.7, 'min_samples_split': 0.01}",0.8867924528301887,0.9001109877913429,0.9089900110987791,0.876803551609323,0.8944444444444445,0.8934282895548156,0.011029727509637467,44
1.0908533573150634,0.14555198249804085,0.02634716033935547,0.0057958112653182315,5,0.8,0.7,0.03,"{'max_depth': 5, 'max_features': 0.8, 'max_samples': 0.7, 'min_samples_split': 0.03}",0.8879023307436182,0.9001109877913429,0.897891231964484,0.8645948945615982,0.8833333333333333,0.8867665556788754,0.012700329509385475,81
0.7924566268920898,0.023800365506348804,0.018171167373657225,0.0009844635964511557,5,0.8,0.7,0.07,"{'max_depth': 5, 'max_features': 0.8, 'max_samples': 0.7, 'min_samples_split': 0.07}",0.8645948945615982,0.8834628190899001,0.8901220865704772,0.8690344062153164,0.8766666666666667,0.8767761746207917,0.009286066270941145,178
0.765204668045044,0.02148535968966313,0.01353917121887207,0.0023491335079656494,5,0.8,0.7,0.1,"{'max_depth': 5, 'max_features': 0.8, 'max_samples': 0.7, 'min_samples_split': 0.1}",0.8634850166481687,0.8834628190899001,0.8756936736958935,0.8612652608213096,0.8722222222222222,0.8712257984954987,0.008121963511912354,197
1.1050575733184815,0.11002592554719431,0.024860191345214843,0.008715028405548372,5,0.8,0.8,0.01,"{'max_depth': 5, 'max_features': 0.8, 'max_samples': 0.8, 'min_samples_split': 0.01}",0.8923418423973363,0.9034406215316315,0.9067702552719201,0.8801331853496115,0.8955555555555555,0.895648292021211,0.009338931522904425,35
1.0729533195495606,0.09996623499045347,0.021794748306274415,0.007619195470982045,5,0.8,0.8,0.03,"{'max_depth': 5, 'max_features': 0.8, 'max_samples': 0.8, 'min_samples_split': 0.03}",0.8845726970033296,0.8923418423973363,0.8967813540510544,0.8701442841287459,0.8844444444444445,0.8856569244049821,0.009074455670375146,87
1.0469796180725097,0.11001011073848113,0.021921396255493164,0.005549603348666774,5,0.8,0.8,0.07,"{'max_depth': 5, 'max_features': 0.8, 'max_samples': 0.8, 'min_samples_split': 0.07}",0.8779134295227525,0.8823529411764706,0.8912319644839067,0.8690344062153164,0.8755555555555555,0.8792176593908003,0.0073889672354209976,147
1.0820275783538817,0.13147673497434587,0.02421879768371582,0.00794475215637285,5,0.8,0.8,0.1,"{'max_depth': 5, 'max_features': 0.8, 'max_samples': 0.8, 'min_samples_split': 0.1}",0.8645948945615982,0.8701442841287459,0.876803551609323,0.8601553829078802,0.8744444444444445,0.8692285115303984,0.006151713534086897,236
1.0310925006866456,0.04412337955178302,0.017699527740478515,0.005558502502082109,5,0.8,0.9,0.01,"{'max_depth': 5, 'max_features': 0.8, 'max_samples': 0.9, 'min_samples_split': 0.01}",0.8912319644839067,0.9001109877913429,0.904550499445061,0.881243063263041,0.8933333333333333,0.894093969663337,0.0079932341240778,41
1.1948782444000243,0.20196654745193982,0.023307609558105468,0.00579943254567964,5,0.8,0.9,0.03,"{'max_depth': 5, 'max_features': 0.8, 'max_samples': 0.9, 'min_samples_split': 0.03}",0.8856825749167592,0.8934517203107658,0.9034406215316315,0.8701442841287459,0.8888888888888888,0.8883216179553581,0.010886726127096564,68
1.0535346031188966,0.07024347339855776,0.020112943649291993,0.004067023039244573,5,0.8,0.9,0.07,"{'max_depth': 5, 'max_features': 0.8, 'max_samples': 0.9, 'min_samples_split': 0.07}",0.876803551609323,0.8834628190899001,0.8912319644839067,0.8690344062153164,0.8811111111111111,0.8803287705019114,0.007338988884971444,117
1.1027232646942138,0.11391181480621343,0.020678949356079102,0.005040124374652535,5,0.8,0.9,0.1,"{'max_depth': 5, 'max_features': 0.8, 'max_samples': 0.9, 'min_samples_split': 0.1}",0.8657047724750278,0.8701442841287459,0.8779134295227525,0.8612652608213096,0.8733333333333333,0.8696722160562338,0.005795890479892865,224
1.2413717269897462,0.10091663810717942,0.020899009704589844,0.004712487533631079,5,0.8,1.0,0.01,"{'max_depth': 5, 'max_features': 0.8, 'max_samples': 1.0, 'min_samples_split': 0.01}",0.897891231964484,0.897891231964484,0.9056603773584906,0.8790233074361821,0.8955555555555555,0.8952043408558392,0.008783127703700596,38
1.2580419063568116,0.178995618569946,0.022763729095458984,0.0060843402549829425,5,0.8,1.0,0.03,"{'max_depth': 5, 'max_features': 0.8, 'max_samples': 1.0, 'min_samples_split': 0.03}",0.8823529411764706,0.9001109877913429,0.904550499445061,0.8734739178690344,0.8866666666666667,0.8894310025897152,0.011445788118901241,60
1.2446436405181884,0.10617602129247142,0.023278236389160156,0.008808119553087648,5,0.8,1.0,0.07,"{'max_depth': 5, 'max_features': 0.8, 'max_samples': 1.0, 'min_samples_split': 0.07}",0.8845726970033296,0.8834628190899001,0.8890122086570478,0.8690344062153164,0.8788888888888889,0.8809942039708965,0.006792012751533933,110
1.280221939086914,0.18682466812479742,0.026484584808349608,0.007295965832019862,5,0.8,1.0,0.1,"{'max_depth': 5, 'max_features': 0.8, 'max_samples': 1.0, 'min_samples_split': 0.1}",0.8634850166481687,0.8701442841287459,0.876803551609323,0.8612652608213096,0.8744444444444445,0.8692285115303984,0.006030371848087468,236
1.171267604827881,0.03302797089207696,0.025235986709594725,0.008212379835404867,5,0.9,0.7,0.01,"{'max_depth': 5, 'max_features': 0.9, 'max_samples': 0.7, 'min_samples_split': 0.01}",0.8867924528301887,0.897891231964484,0.902330743618202,0.8790233074361821,0.8977777777777778,0.8927631027253667,0.008572223310064974,48
1.1299633979797363,0.1299819832597842,0.02233014106750488,0.0039957764978863055,5,0.9,0.7,0.03,"{'max_depth': 5, 'max_features': 0.9, 'max_samples': 0.7, 'min_samples_split': 0.03}",0.8867924528301887,0.8956714761376249,0.9012208657047724,0.8634850166481687,0.8811111111111111,0.8856561844863732,0.013084913827270932,88
1.0507341861724853,0.12840487185850535,0.016729164123535156,0.003972771447480767,5,0.9,0.7,0.07,"{'max_depth': 5, 'max_features': 0.9, 'max_samples': 0.7, 'min_samples_split': 0.07}",0.8701442841287459,0.8801331853496115,0.8901220865704772,0.8701442841287459,0.8788888888888889,0.8778865458132937,0.007424900948188772,174
0.8941797256469727,0.043700117066249294,0.021514463424682616,0.0029681317815148365,5,0.9,0.7,0.1,"{'max_depth': 5, 'max_features': 0.9, 'max_samples': 0.7, 'min_samples_split': 0.1}",0.8634850166481687,0.8701442841287459,0.8779134295227525,0.8612652608213096,0.8722222222222222,0.8690060426686397,0.0060229955510174875,246
1.2256022930145263,0.08731762618488616,0.020815610885620117,0.00459395464537926,5,0.9,0.8,0.01,"{'max_depth': 5, 'max_features': 0.9, 'max_samples': 0.8, 'min_samples_split': 0.01}",0.8901220865704772,0.8990011098779135,0.9012208657047724,0.8779134295227525,0.8977777777777778,0.8932070538907386,0.008509944196067966,45
1.1733319282531738,0.09653705832235387,0.02149057388305664,0.006550266401155906,5,0.9,0.8,0.03,"{'max_depth': 5, 'max_features': 0.9, 'max_samples': 0.8, 'min_samples_split': 0.03}",0.8823529411764706,0.8967813540510544,0.902330743618202,0.8668146503884573,0.88,0.8856559378468368,0.012646877608728898,89
1.2709737777709962,0.20041381336961703,0.022805404663085938,0.00222813574282846,5,0.9,0.8,0.07,"{'max_depth': 5, 'max_features': 0.9, 'max_samples': 0.8, 'min_samples_split': 0.07}",0.8790233074361821,0.8834628190899001,0.8901220865704772,0.8690344062153164,0.8744444444444445,0.879217412751264,0.007258759005862703,148
1.1889347076416015,0.0693045528540023,0.025860977172851563,0.00978173118255381,5,0.9,0.8,0.1,"{'max_depth': 5, 'max_features': 0.9, 'max_samples': 0.8, 'min_samples_split': 0.1}",0.8634850166481687,0.8701442841287459,0.8779134295227525,0.8612652608213096,0.8733333333333333,0.869228264890862,0.006156575298548652,239
1.3542751789093017,0.18867626127954207,0.027958774566650392,0.004821735407173097,5,0.9,0.9,0.01,"{'max_depth': 5, 'max_features': 0.9, 'max_samples': 0.9, 'min_samples_split': 0.01}",0.8923418423973363,0.8967813540510544,0.9067702552719201,0.8779134295227525,0.8966666666666666,0.894094709581946,0.009374527700194722,40
1.1811241626739502,0.07725969020974395,0.01963176727294922,0.0033860981332972965,5,0.9,0.9,0.03,"{'max_depth': 5, 'max_features': 0.9, 'max_samples': 0.9, 'min_samples_split': 0.03}",0.8845726970033296,0.902330743618202,0.9001109877913429,0.8690344062153164,0.8844444444444445,0.8880986558145271,0.012133257615572596,71
1.3713297843933105,0.14778476504399818,0.027408504486083986,0.004730157199406211,5,0.9,0.9,0.07,"{'max_depth': 5, 'max_features': 0.9, 'max_samples': 0.9, 'min_samples_split': 0.07}",0.8779134295227525,0.8834628190899001,0.8901220865704772,0.8690344062153164,0.8777777777777778,0.8796621038352448,0.0069772942966594385,133
1.1037872791290284,0.11786272400678537,0.017771434783935548,0.0051479997861235815,5,0.9,0.9,0.1,"{'max_depth': 5, 'max_features': 0.9, 'max_samples': 0.9, 'min_samples_split': 0.1}",0.8657047724750278,0.8723640399556049,0.8779134295227525,0.8623751387347391,0.8744444444444445,0.8705603650265138,0.005709318385483099,202
1.342817735671997,0.15725815510571198,0.021185541152954103,0.006777608536435532,5,0.9,1.0,0.01,"{'max_depth': 5, 'max_features': 0.9, 'max_samples': 1.0, 'min_samples_split': 0.01}",0.8901220865704772,0.897891231964484,0.904550499445061,0.8779134295227525,0.8977777777777778,0.8936510050561104,0.009098717542730379,43
1.3490892887115478,0.18733042302015504,0.02492666244506836,0.012207382831316069,5,0.9,1.0,0.03,"{'max_depth': 5, 'max_features': 0.9, 'max_samples': 1.0, 'min_samples_split': 0.03}",0.8823529411764706,0.8945615982241953,0.8967813540510544,0.8690344062153164,0.89,0.8865460599334073,0.010051667151289367,82
1.4285335540771484,0.15134061642320246,0.02453932762145996,0.0028772510381785766,5,0.9,1.0,0.07,"{'max_depth': 5, 'max_features': 0.9, 'max_samples': 1.0, 'min_samples_split': 0.07}",0.8779134295227525,0.8834628190899001,0.8901220865704772,0.8657047724750278,0.8755555555555555,0.8785517326427426,0.008153781376344638,161
1.0598029136657714,0.2207788675490129,0.01800684928894043,0.0021266417828447537,5,0.9,1.0,0.1,"{'max_depth': 5, 'max_features': 0.9, 'max_samples': 1.0, 'min_samples_split': 0.1}",0.8645948945615982,0.8701442841287459,0.8779134295227525,0.8612652608213096,0.8744444444444445,0.8696724626957701,0.0061216125495299235,219
0.971439790725708,0.05744329951678409,0.01674494743347168,0.0065050981001039355,5,1.0,0.7,0.01,"{'max_depth': 5, 'max_features': 1.0, 'max_samples': 0.7, 'min_samples_split': 0.01}",0.8912319644839067,0.8990011098779135,0.9056603773584906,0.8779134295227525,0.9011111111111111,0.8949835984708349,0.009727752484172193,39
0.8990525722503662,0.05940819391516256,0.015490865707397461,0.002934945861824119,5,1.0,0.7,0.03,"{'max_depth': 5, 'max_features': 1.0, 'max_samples': 0.7, 'min_samples_split': 0.03}",0.8834628190899001,0.8934517203107658,0.8956714761376249,0.8634850166481687,0.8844444444444445,0.8841030953261807,0.011374144934481693,95
0.8142796516418457,0.03245906932666434,0.015880537033081055,0.0022605173708223087,5,1.0,0.7,0.07,"{'max_depth': 5, 'max_features': 1.0, 'max_samples': 0.7, 'min_samples_split': 0.07}",0.8645948945615982,0.8701442841287459,0.8879023307436182,0.8634850166481687,0.8755555555555555,0.8723364163275373,0.008896565945257033,190
0.8652106761932373,0.1008995783228604,0.015378332138061524,0.005806036975706066,5,1.0,0.7,0.1,"{'max_depth': 5, 'max_features': 1.0, 'max_samples': 0.7, 'min_samples_split': 0.1}",0.8634850166481687,0.8701442841287459,0.8756936736958935,0.8612652608213096,0.8744444444444445,0.8690065359477124,0.005761903278662707,240
1.000722551345825,0.05846602481508178,0.014444684982299805,0.0025170127813453056,5,1.0,0.8,0.01,"{'max_depth': 5, 'max_features': 1.0, 'max_samples': 0.8, 'min_samples_split': 0.01}",0.8856825749167592,0.8990011098779135,0.9034406215316315,0.876803551609323,0.9,0.8929855715871253,0.010098400934393268,46
1.0587177753448487,0.07391349326645556,0.015747833251953124,0.003018762390920529,5,1.0,0.8,0.03,"{'max_depth': 5, 'max_features': 1.0, 'max_samples': 0.8, 'min_samples_split': 0.03}",0.8845726970033296,0.8967813540510544,0.9001109877913429,0.8679245283018868,0.8822222222222222,0.8863223578739673,0.01147056645958637,84
0.9260838508605957,0.058015754023852346,0.014686203002929688,0.004253454407241928,5,1.0,0.8,0.07,"{'max_depth': 5, 'max_features': 1.0, 'max_samples': 0.8, 'min_samples_split': 0.07}",0.8779134295227525,0.8834628190899001,0.8901220865704772,0.8690344062153164,0.8766666666666667,0.8794398816130226,0.007051074018485193,136
0.8934630870819091,0.05207809806992633,0.015439414978027343,0.003431352277391546,5,1.0,0.8,0.1,"{'max_depth': 5, 'max_features': 1.0, 'max_samples': 0.8, 'min_samples_split': 0.1}",0.8645948945615982,0.8701442841287459,0.8779134295227525,0.8612652608213096,0.8744444444444445,0.8696724626957701,0.0061216125495299235,219
1.0728314399719239,0.03447977265612406,0.017630672454833983,0.005025423233760971,5,1.0,0.9,0.01,"{'max_depth': 5, 'max_features': 1.0, 'max_samples': 0.9, 'min_samples_split': 0.01}",0.8901220865704772,0.8945615982241953,0.9067702552719201,0.8745837957824639,0.8988888888888888,0.892985324947589,0.010716113272239496,47
1.0384028911590577,0.043615543173156156,0.017864322662353514,0.003208620558480076,5,1.0,0.9,0.03,"{'max_depth': 5, 'max_features': 1.0, 'max_samples': 0.9, 'min_samples_split': 0.03}",0.8823529411764706,0.8945615982241953,0.8990011098779135,0.8668146503884573,0.8922222222222222,0.8869905043778518,0.0114675111053753,80
1.0323142528533935,0.0652706812657257,0.01491231918334961,0.002819061163959062,5,1.0,0.9,0.07,"{'max_depth': 5, 'max_features': 1.0, 'max_samples': 0.9, 'min_samples_split': 0.07}",0.8790233074361821,0.8834628190899001,0.8901220865704772,0.8690344062153164,0.8755555555555555,0.8794396349734862,0.007125011854159623,140
0.93583664894104,0.09028499370711202,0.01346135139465332,0.004550888377255953,5,1.0,0.9,0.1,"{'max_depth': 5, 'max_features': 1.0, 'max_samples': 0.9, 'min_samples_split': 0.1}",0.8645948945615982,0.8701442841287459,0.8756936736958935,0.8612652608213096,0.8733333333333333,0.869006289308176,0.005368861663350838,244
1.1855472087860108,0.05372012967337439,0.016043663024902344,0.00272651752310916,5,1.0,1.0,0.01,"{'max_depth': 5, 'max_features': 1.0, 'max_samples': 1.0, 'min_samples_split': 0.01}",0.8923418423973363,0.8967813540510544,0.9056603773584906,0.8756936736958935,0.8988888888888888,0.8938732272783326,0.010053778173806278,42
1.1187425136566163,0.059918734333712066,0.013999032974243163,0.002688062897914367,5,1.0,1.0,0.03,"{'max_depth': 5, 'max_features': 1.0, 'max_samples': 1.0, 'min_samples_split': 0.03}",0.8834628190899001,0.8934517203107658,0.8990011098779135,0.8668146503884573,0.8933333333333333,0.887212726600074,0.01136218437696114,79
1.0504702091217042,0.05058272086059264,0.01670246124267578,0.0023376983694090338,5,1.0,1.0,0.07,"{'max_depth': 5, 'max_features': 1.0, 'max_samples': 1.0, 'min_samples_split': 0.07}",0.8790233074361821,0.8834628190899001,0.8890122086570478,0.8690344062153164,0.8777777777777778,0.8796621038352448,0.006614780402350636,133
1.0204843044281007,0.020473060771421473,0.015977001190185545,0.0026518923018503428,5,1.0,1.0,0.1,"{'max_depth': 5, 'max_features': 1.0, 'max_samples': 1.0, 'min_samples_split': 0.1}",0.8634850166481687,0.8701442841287459,0.876803551609323,0.8612652608213096,0.8755555555555555,0.8694507337526206,0.006235471746118814,227
0.9249229907989502,0.053937382437599254,0.01824941635131836,0.0030902057025811993,7,0.7,0.7,0.01,"{'max_depth': 7, 'max_features': 0.7, 'max_samples': 0.7, 'min_samples_split': 0.01}",0.8956714761376249,0.9078801331853497,0.9067702552719201,0.8856825749167592,0.9,0.8992008879023308,0.008105118562784496,27
0.8442280292510986,0.05040624828239893,0.016633033752441406,0.006031568446522075,7,0.7,0.7,0.03,"{'max_depth': 7, 'max_features': 0.7, 'max_samples': 0.7, 'min_samples_split': 0.03}",0.8879023307436182,0.8956714761376249,0.8956714761376249,0.8634850166481687,0.8833333333333333,0.8852127266000739,0.011845930550468441,91
0.7989121437072754,0.027251559976391518,0.01741180419921875,0.004847512597415378,7,0.7,0.7,0.07,"{'max_depth': 7, 'max_features': 0.7, 'max_samples': 0.7, 'min_samples_split': 0.07}",0.8668146503884573,0.8745837957824639,0.8790233074361821,0.8601553829078802,0.8811111111111111,0.872337649525219,0.007818285775169393,189
0.6719783306121826,0.054203486807006325,0.015033149719238281,0.0032137669159077783,7,0.7,0.7,0.1,"{'max_depth': 7, 'max_features': 0.7, 'max_samples': 0.7, 'min_samples_split': 0.1}",0.8756936736958935,0.8690344062153164,0.8756936736958935,0.8612652608213096,0.8722222222222222,0.870781847330127,0.005365551706100525,199
0.9758879661560058,0.07444206883104805,0.016588830947875978,0.004786000481687735,7,0.7,0.8,0.01,"{'max_depth': 7, 'max_features': 0.7, 'max_samples': 0.8, 'min_samples_split': 0.01}",0.8956714761376249,0.9089900110987791,0.9089900110987791,0.8856825749167592,0.9033333333333333,0.9005334813170551,0.008888796076933967,22
0.8966959953308106,0.053842121539147914,0.015517187118530274,0.0023605205460180225,7,0.7,0.8,0.03,"{'max_depth': 7, 'max_features': 0.7, 'max_samples': 0.8, 'min_samples_split': 0.03}",0.8867924528301887,0.8967813540510544,0.9034406215316315,0.8701442841287459,0.8833333333333333,0.8880984091749908,0.011467685796571982,73
0.816478967666626,0.05898413728745184,0.011980867385864258,0.00284504423754076,7,0.7,0.8,0.07,"{'max_depth': 7, 'max_features': 0.7, 'max_samples': 0.8, 'min_samples_split': 0.07}",0.876803551609323,0.8834628190899001,0.8901220865704772,0.8690344062153164,0.8766666666666667,0.8792179060303367,0.007112834008730385,145
0.7499822616577149,0.04228855588838326,0.018503999710083006,0.0003997667086007083,7,0.7,0.8,0.1,"{'max_depth': 7, 'max_features': 0.7, 'max_samples': 0.8, 'min_samples_split': 0.1}",0.8657047724750278,0.8701442841287459,0.8779134295227525,0.8634850166481687,0.8722222222222222,0.8698939449993833,0.005067922761377825,213
1.0205313205718993,0.05974218878356625,0.018359661102294922,0.003230563392487594,7,0.7,0.9,0.01,"{'max_depth': 7, 'max_features': 0.7, 'max_samples': 0.9, 'min_samples_split': 0.01}",0.8967813540510544,0.9056603773584906,0.9156492785793563,0.8834628190899001,0.9033333333333333,0.9009774324824269,0.010649995924087892,20
0.9828214645385742,0.07379580337255377,0.018637895584106445,0.0039467146587772485,7,0.7,0.9,0.03,"{'max_depth': 7, 'max_features': 0.7, 'max_samples': 0.9, 'min_samples_split': 0.03}",0.8879023307436182,0.8990011098779135,0.902330743618202,0.8701442841287459,0.8866666666666667,0.8892090270070293,0.011311054822732558,63
0.9182885169982911,0.02939912732650357,0.01584773063659668,0.0029354045707073026,7,0.7,0.9,0.07,"{'max_depth': 7, 'max_features': 0.7, 'max_samples': 0.9, 'min_samples_split': 0.07}",0.8801331853496115,0.8823529411764706,0.8956714761376249,0.8690344062153164,0.8788888888888889,0.8812161795535823,0.008546725528161,108
0.8218448162078857,0.06204026606812933,0.014470767974853516,0.001661220730918349,7,0.7,0.9,0.1,"{'max_depth': 7, 'max_features': 0.7, 'max_samples': 0.9, 'min_samples_split': 0.1}",0.8657047724750278,0.8701442841287459,0.8756936736958935,0.8657047724750278,0.8744444444444445,0.8703383894438279,0.004207546705360694,206
1.0440799713134765,0.08008735346230579,0.016079235076904296,0.0029946121294562446,7,0.7,1.0,0.01,"{'max_depth': 7, 'max_features': 0.7, 'max_samples': 1.0, 'min_samples_split': 0.01}",0.8990011098779135,0.9100998890122086,0.9134295227524972,0.8867924528301887,0.9022222222222223,0.902309039339006,0.009338917296958103,17
1.0250222206115722,0.05007527723445683,0.01797313690185547,0.001117315763216627,7,0.7,1.0,0.03,"{'max_depth': 7, 'max_features': 0.7, 'max_samples': 1.0, 'min_samples_split': 0.03}",0.8890122086570478,0.9012208657047724,0.904550499445061,0.8712541620421753,0.8911111111111111,0.8914297693920336,0.011670650359536499,49
0.9091440200805664,0.056755229134745754,0.01682620048522949,0.0029750711207818708,7,0.7,1.0,0.07,"{'max_depth': 7, 'max_features': 0.7, 'max_samples': 1.0, 'min_samples_split': 0.07}",0.8801331853496115,0.8834628190899001,0.8901220865704772,0.8679245283018868,0.8788888888888889,0.8801063016401528,0.007231328721149847,125
0.9014999389648437,0.04350970180327361,0.014560890197753907,0.002554993065954498,7,0.7,1.0,0.1,"{'max_depth': 7, 'max_features': 0.7, 'max_samples': 1.0, 'min_samples_split': 0.1}",0.8657047724750278,0.8701442841287459,0.876803551609323,0.8601553829078802,0.8744444444444445,0.8694504871130843,0.005998630876251468,229
1.028610610961914,0.06117742969501041,0.018714332580566408,0.0039499047859963285,7,0.8,0.7,0.01,"{'max_depth': 7, 'max_features': 0.8, 'max_samples': 0.7, 'min_samples_split': 0.01}",0.8956714761376249,0.9056603773584906,0.9067702552719201,0.881243063263041,0.9011111111111111,0.8980912566284376,0.009289274293266654,28
0.9206970691680908,0.060032293109115245,0.019330167770385744,0.0009277349754577814,7,0.8,0.7,0.03,"{'max_depth': 7, 'max_features': 0.8, 'max_samples': 0.7, 'min_samples_split': 0.03}",0.8845726970033296,0.8923418423973363,0.8990011098779135,0.8645948945615982,0.8833333333333333,0.8847687754347021,0.011567152607135263,94
0.8526223182678223,0.05065405024759184,0.01493229866027832,0.002914601858067375,7,0.8,0.7,0.07,"{'max_depth': 7, 'max_features': 0.8, 'max_samples': 0.7, 'min_samples_split': 0.07}",0.8657047724750278,0.8779134295227525,0.8856825749167592,0.8690344062153164,0.8766666666666667,0.8750003699593046,0.0070338157421772785,181
0.755014181137085,0.040950334359296625,0.013950872421264648,0.004084299435551667,7,0.8,0.7,0.1,"{'max_depth': 7, 'max_features': 0.8, 'max_samples': 0.7, 'min_samples_split': 0.1}",0.8645948945615982,0.8701442841287459,0.876803551609323,0.8612652608213096,0.8755555555555555,0.8696727093353065,0.006035703229374439,214
1.0889400959014892,0.049731380438730856,0.017264366149902344,0.0026922830690746377,7,0.8,0.8,0.01,"{'max_depth': 7, 'max_features': 0.8, 'max_samples': 0.8, 'min_samples_split': 0.01}",0.8956714761376249,0.902330743618202,0.9145394006659268,0.8823529411764706,0.9022222222222223,0.8994233567640892,0.010490538842058882,26
0.9456016540527343,0.08086769924149029,0.01806039810180664,0.002446172727245765,7,0.8,0.8,0.03,"{'max_depth': 7, 'max_features': 0.8, 'max_samples': 0.8, 'min_samples_split': 0.03}",0.8879023307436182,0.897891231964484,0.8990011098779135,0.8723640399556049,0.8811111111111111,0.8876539647305464,0.010101601478970018,77
0.9734611511230469,0.01971243690452109,0.014613962173461914,0.0026182260839345954,7,0.8,0.8,0.07,"{'max_depth': 7, 'max_features': 0.8, 'max_samples': 0.8, 'min_samples_split': 0.07}",0.8790233074361821,0.8823529411764706,0.8901220865704772,0.8690344062153164,0.88,0.8801065482796891,0.0067695551028934195,123
0.8769657135009765,0.05562227373915985,0.014143133163452148,0.0026879805652863776,7,0.8,0.8,0.1,"{'max_depth': 7, 'max_features': 0.8, 'max_samples': 0.8, 'min_samples_split': 0.1}",0.8657047724750278,0.8701442841287459,0.876803551609323,0.8612652608213096,0.8744444444444445,0.8696724626957701,0.005661633393518165,219
1.1787137985229492,0.020481667909666046,0.016156768798828124,0.0024554500375974127,7,0.8,0.9,0.01,"{'max_depth': 7, 'max_features': 0.8, 'max_samples': 0.9, 'min_samples_split': 0.01}",0.9012208657047724,0.9012208657047724,0.9078801331853497,0.8867924528301887,0.9044444444444445,0.9003117523739055,0.007194219430993097,23
1.0757425785064698,0.06095217868405195,0.016581916809082033,0.003044424419812987,7,0.8,0.9,0.03,"{'max_depth': 7, 'max_features': 0.8, 'max_samples': 0.9, 'min_samples_split': 0.03}",0.8845726970033296,0.8956714761376249,0.904550499445061,0.8723640399556049,0.8888888888888888,0.8892095202861018,0.010793291038384462,61
1.022874355316162,0.0866560713210789,0.01587820053100586,0.002860823989943832,7,0.8,0.9,0.07,"{'max_depth': 7, 'max_features': 0.8, 'max_samples': 0.9, 'min_samples_split': 0.07}",0.8790233074361821,0.8834628190899001,0.8901220865704772,0.8679245283018868,0.8811111111111111,0.8803287705019114,0.007237579918347845,117
251.41677370071412,501.13022262193334,0.01531376838684082,0.003954326740758058,7,0.8,0.9,0.1,"{'max_depth': 7, 'max_features': 0.8, 'max_samples': 0.9, 'min_samples_split': 0.1}",0.8657047724750278,0.8701442841287459,0.8779134295227525,0.8612652608213096,0.8722222222222222,0.8694499938340116,0.005671218042435319,234
1.3214420318603515,0.1815294299545855,0.018170261383056642,0.0037800109683801607,7,0.8,1.0,0.01,"{'max_depth': 7, 'max_features': 0.8, 'max_samples': 1.0, 'min_samples_split': 0.01}",0.9012208657047724,0.9056603773584906,0.9167591564927858,0.8845726970033296,0.9044444444444445,0.9025315082007646,0.010393380649022952,16
1.2451105117797852,0.08057233803122418,0.022789525985717773,0.009313266749207835,7,0.8,1.0,0.03,"{'max_depth': 7, 'max_features': 0.8, 'max_samples': 1.0, 'min_samples_split': 0.03}",0.8890122086570478,0.8945615982241953,0.9012208657047724,0.8734739178690344,0.89,0.88965371809101,0.00916737227407815,59
0.9593350410461425,0.10377202237411753,0.013950109481811523,0.0022978497727245053,7,0.8,1.0,0.07,"{'max_depth': 7, 'max_features': 0.8, 'max_samples': 1.0, 'min_samples_split': 0.07}",0.876803551609323,0.8834628190899001,0.8890122086570478,0.8645948945615982,0.8777777777777778,0.8783302503391294,0.008145471487460155,163
0.8627719879150391,0.05548384645919271,0.01429891586303711,0.0012571310096268402,7,0.8,1.0,0.1,"{'max_depth': 7, 'max_features': 0.8, 'max_samples': 1.0, 'min_samples_split': 0.1}",0.8657047724750278,0.8701442841287459,0.8779134295227525,0.8690344062153164,0.8733333333333333,0.8712260451350351,0.004138108585213107,194
1.1113225936889648,0.03163097525515834,0.015213441848754884,0.002734399196817581,7,0.9,0.7,0.01,"{'max_depth': 7, 'max_features': 0.9, 'max_samples': 0.7, 'min_samples_split': 0.01}",0.8945615982241953,0.9001109877913429,0.9089900110987791,0.8856825749167592,0.8988888888888888,0.8976468121839931,0.007601902342828466,31
1.1257198333740235,0.03799398359624076,0.016454792022705077,0.0032861534264094737,7,0.9,0.7,0.03,"{'max_depth': 7, 'max_features': 0.9, 'max_samples': 0.7, 'min_samples_split': 0.03}",0.8856825749167592,0.8934517203107658,0.8956714761376249,0.8679245283018868,0.8855555555555555,0.8856571710445185,0.009751911550705357,86
0.9465216159820556,0.07647119471251117,0.014459371566772461,0.002375488410582274,7,0.9,0.7,0.07,"{'max_depth': 7, 'max_features': 0.9, 'max_samples': 0.7, 'min_samples_split': 0.07}",0.8668146503884573,0.8701442841287459,0.8879023307436182,0.8634850166481687,0.8755555555555555,0.8727803674929092,0.008547721389222235,187
0.9176116943359375,0.024547919472817568,0.014789676666259766,0.0039050108667874756,7,0.9,0.7,0.1,"{'max_depth': 7, 'max_features': 0.9, 'max_samples': 0.7, 'min_samples_split': 0.1}",0.8634850166481687,0.8701442841287459,0.8756936736958935,0.8612652608213096,0.8744444444444445,0.8690065359477124,0.005761903278662707,240
1.2452791213989258,0.02468601365351798,0.01778440475463867,0.003101545336584151,7,0.9,0.8,0.01,"{'max_depth': 7, 'max_features': 0.9, 'max_samples': 0.8, 'min_samples_split': 0.01}",0.8945615982241953,0.902330743618202,0.9145394006659268,0.8845726970033296,0.9022222222222223,0.8996453323467751,0.009886493362643895,25
1.219292449951172,0.07175969118672375,0.017251014709472656,0.002310155957923238,7,0.9,0.8,0.03,"{'max_depth': 7, 'max_features': 0.9, 'max_samples': 0.8, 'min_samples_split': 0.03}",0.8856825749167592,0.897891231964484,0.9001109877913429,0.8690344062153164,0.8855555555555555,0.8876549512886915,0.011090146232177897,75
1.0094619750976563,0.06411952044666033,0.013325834274291992,0.0026866323559256626,7,0.9,0.8,0.07,"{'max_depth': 7, 'max_features': 0.9, 'max_samples': 0.8, 'min_samples_split': 0.07}",0.8779134295227525,0.8834628190899001,0.8901220865704772,0.8690344062153164,0.8766666666666667,0.8794398816130226,0.007051074018485193,136
1.0057958126068116,0.06571524886810573,0.015193033218383788,0.0024808129237694717,7,0.9,0.8,0.1,"{'max_depth': 7, 'max_features': 0.9, 'max_samples': 0.8, 'min_samples_split': 0.1}",0.8645948945615982,0.8701442841287459,0.876803551609323,0.8612652608213096,0.8755555555555555,0.8696727093353065,0.006035703229374439,214
1.25407075881958,0.049333922840099985,0.014925909042358399,0.002283364555468435,7,0.9,0.9,0.01,"{'max_depth': 7, 'max_features': 0.9, 'max_samples': 0.9, 'min_samples_split': 0.01}",0.8912319644839067,0.9001109877913429,0.9100998890122086,0.881243063263041,0.9066666666666666,0.8978705142434331,0.010511822824057231,29
1.1528446197509765,0.026414264991623096,0.015314149856567382,0.0044980025966278,7,0.9,0.9,0.03,"{'max_depth': 7, 'max_features': 0.9, 'max_samples': 0.9, 'min_samples_split': 0.03}",0.8867924528301887,0.9012208657047724,0.9034406215316315,0.8701442841287459,0.89,0.8903196448390677,0.011921284174214779,55
1.0389907836914063,0.09014020533921484,0.014324665069580078,0.00494388208747062,7,0.9,0.9,0.07,"{'max_depth': 7, 'max_features': 0.9, 'max_samples': 0.9, 'min_samples_split': 0.07}",0.8779134295227525,0.8834628190899001,0.8901220865704772,0.8690344062153164,0.8766666666666667,0.8794398816130226,0.007051074018485193,136
0.9546294212341309,0.03127340097673226,0.017704057693481445,0.0027615919572385197,7,0.9,0.9,0.1,"{'max_depth': 7, 'max_features': 0.9, 'max_samples': 0.9, 'min_samples_split': 0.1}",0.8645948945615982,0.8701442841287459,0.8779134295227525,0.8612652608213096,0.8733333333333333,0.8694502404735479,0.005962448347245542,232
1.3551127910614014,0.041563970264512716,0.02049398422241211,0.0025809365964745835,7,0.9,1.0,0.01,"{'max_depth': 7, 'max_features': 0.9, 'max_samples': 1.0, 'min_samples_split': 0.01}",0.8990011098779135,0.897891231964484,0.9178690344062154,0.8834628190899001,0.9066666666666666,0.900978172401036,0.011295005669597511,19
1.2947696685791015,0.02826859047253488,0.017669296264648436,0.003137474719625187,7,0.9,1.0,0.03,"{'max_depth': 7, 'max_features': 0.9, 'max_samples': 1.0, 'min_samples_split': 0.03}",0.8890122086570478,0.8967813540510544,0.902330743618202,0.8712541620421753,0.8933333333333333,0.8905423603403625,0.010583539208024252,52
1.2974616527557372,0.05677686830243191,0.01588268280029297,0.0026265624020372735,7,0.9,1.0,0.07,"{'max_depth': 7, 'max_features': 0.9, 'max_samples': 1.0, 'min_samples_split': 0.07}",0.876803551609323,0.8834628190899001,0.8901220865704772,0.8690344062153164,0.8811111111111111,0.8801067949192255,0.007015508877935201,122
1.2798962593078613,0.10074305066973285,0.018147993087768554,0.004529873639967542,7,0.9,1.0,0.1,"{'max_depth': 7, 'max_features': 0.9, 'max_samples': 1.0, 'min_samples_split': 0.1}",0.8634850166481687,0.8701442841287459,0.876803551609323,0.8612652608213096,0.8744444444444445,0.8692285115303984,0.006030371848087468,236
1.42996506690979,0.05181428973827882,0.02248673439025879,0.0017761359445256817,7,1.0,0.7,0.01,"{'max_depth': 7, 'max_features': 1.0, 'max_samples': 0.7, 'min_samples_split': 0.01}",0.8956714761376249,0.902330743618202,0.904550499445061,0.8823529411764706,0.8977777777777778,0.8965366876310273,0.0077622139076566204,33
1.121856117248535,0.11495648742726217,0.014754486083984376,0.0019441598825127322,7,1.0,0.7,0.03,"{'max_depth': 7, 'max_features': 1.0, 'max_samples': 0.7, 'min_samples_split': 0.03}",0.8834628190899001,0.9001109877913429,0.8967813540510544,0.8634850166481687,0.8833333333333333,0.88543470218276,0.012916908584685903,90
0.918507194519043,0.11107734838007913,0.014037561416625977,0.0023507726765433943,7,1.0,0.7,0.07,"{'max_depth': 7, 'max_features': 1.0, 'max_samples': 0.7, 'min_samples_split': 0.07}",0.8645948945615982,0.8701442841287459,0.8779134295227525,0.8690344062153164,0.8777777777777778,0.8718929584412383,0.005203231490869099,191
1.009608268737793,0.03606720462251656,0.016507530212402345,0.001937332626627094,7,1.0,0.7,0.1,"{'max_depth': 7, 'max_features': 1.0, 'max_samples': 0.7, 'min_samples_split': 0.1}",0.8634850166481687,0.8701442841287459,0.8756936736958935,0.8612652608213096,0.8755555555555555,0.8692287581699347,0.0059844722806302025,235
1.3871207237243652,0.12964265428570196,0.017499351501464845,0.005215611518314708,7,1.0,0.8,0.01,"{'max_depth': 7, 'max_features': 1.0, 'max_samples': 0.8, 'min_samples_split': 0.01}",0.8923418423973363,0.902330743618202,0.9056603773584906,0.8834628190899001,0.9044444444444445,0.8976480453816746,0.00850520548559946,30
1.2494056701660157,0.1415529932812182,0.01871027946472168,0.0031787653472453345,7,1.0,0.8,0.03,"{'max_depth': 7, 'max_features': 1.0, 'max_samples': 0.8, 'min_samples_split': 0.03}",0.8867924528301887,0.8945615982241953,0.8990011098779135,0.8657047724750278,0.8844444444444445,0.8861008755703539,0.011464928588277716,85
1.1722509860992432,0.04962569502827099,0.017488574981689452,0.0021575022222180785,7,1.0,0.8,0.07,"{'max_depth': 7, 'max_features': 1.0, 'max_samples': 0.8, 'min_samples_split': 0.07}",0.8756936736958935,0.8834628190899001,0.8901220865704772,0.8679245283018868,0.8766666666666667,0.8787739548649649,0.007515376148994511,154
1.058516836166382,0.016975515480819645,0.01613779067993164,0.0032597165217015064,7,1.0,0.8,0.1,"{'max_depth': 7, 'max_features': 1.0, 'max_samples': 0.8, 'min_samples_split': 0.1}",0.8634850166481687,0.8701442841287459,0.8779134295227525,0.8612652608213096,0.8755555555555555,0.8696727093353065,0.006507110924990501,214
1.4314058780670167,0.037869967885389516,0.015944576263427733,0.002512484007497824,7,1.0,0.9,0.01,"{'max_depth': 7, 'max_features': 1.0, 'max_samples': 0.9, 'min_samples_split': 0.01}",0.8990011098779135,0.9034406215316315,0.9134295227524972,0.8801331853496115,0.9066666666666666,0.900534221235664,0.011232947489541043,21
1.3435738563537598,0.021551053360446982,0.019673633575439452,0.0021951406822198764,7,1.0,0.9,0.03,"{'max_depth': 7, 'max_features': 1.0, 'max_samples': 0.9, 'min_samples_split': 0.03}",0.876803551609323,0.8990011098779135,0.904550499445061,0.8701442841287459,0.8922222222222222,0.8885443334566532,0.013080337627145631,66
2.5388150215148926,1.0887224204509125,0.034183835983276366,0.012620433739334228,7,1.0,0.9,0.07,"{'max_depth': 7, 'max_features': 1.0, 'max_samples': 0.9, 'min_samples_split': 0.07}",0.876803551609323,0.8834628190899001,0.8901220865704772,0.8690344062153164,0.8766666666666667,0.8792179060303367,0.007112834008730385,145
3.121753215789795,0.03146205030020818,0.04556660652160645,0.0022925933730916664,7,1.0,0.9,0.1,"{'max_depth': 7, 'max_features': 1.0, 'max_samples': 0.9, 'min_samples_split': 0.1}",0.8634850166481687,0.8701442841287459,0.8756936736958935,0.8612652608213096,0.8744444444444445,0.8690065359477124,0.005761903278662707,240
4.0321691036224365,0.05084456626065353,0.049221372604370116,0.002634792360086758,7,1.0,1.0,0.01,"{'max_depth': 7, 'max_features': 1.0, 'max_samples': 1.0, 'min_samples_split': 0.01}",0.8956714761376249,0.897891231964484,0.9145394006659268,0.8834628190899001,0.9088888888888889,0.900090763349365,0.010835374487146823,24
3.741406297683716,0.03821633730072364,0.04762711524963379,0.0017106807593558324,7,1.0,1.0,0.03,"{'max_depth': 7, 'max_features': 1.0, 'max_samples': 1.0, 'min_samples_split': 0.03}",0.8823529411764706,0.8967813540510544,0.9001109877913429,0.8657047724750278,0.8988888888888888,0.8887677888765569,0.013178581489966612,64
3.455989646911621,0.024102065300032238,0.04504098892211914,0.0023246101895987767,7,1.0,1.0,0.07,"{'max_depth': 7, 'max_features': 1.0, 'max_samples': 1.0, 'min_samples_split': 0.07}",0.876803551609323,0.8834628190899001,0.8890122086570478,0.8690344062153164,0.88,0.8796625971143174,0.006679870459165551,131
3.2958816051483155,0.0385058625110698,0.044864559173583986,0.0010739307231630072,7,1.0,1.0,0.1,"{'max_depth': 7, 'max_features': 1.0, 'max_samples': 1.0, 'min_samples_split': 0.1}",0.8634850166481687,0.8701442841287459,0.8779134295227525,0.8612652608213096,0.8755555555555555,0.8696727093353065,0.006507110924990501,214
2.8670029163360597,0.09199604783508658,0.05196890830993652,0.002536677382907247,10,0.7,0.7,0.01,"{'max_depth': 10, 'max_features': 0.7, 'max_samples': 0.7, 'min_samples_split': 0.01}",0.897891231964484,0.9112097669256382,0.9223085460599334,0.8879023307436182,0.9066666666666666,0.905195708472068,0.011692716687840887,11
171.54746170043944,311.4472287023037,0.04133992195129395,0.013607528938775796,10,0.7,0.7,0.03,"{'max_depth': 10, 'max_features': 0.7, 'max_samples': 0.7, 'min_samples_split': 0.03}",0.8879023307436182,0.902330743618202,0.902330743618202,0.8657047724750278,0.8844444444444445,0.8885426069798988,0.013557263725476928,67
1.705855655670166,0.2940623668184379,0.04336671829223633,0.015430727487606708,10,0.7,0.7,0.07,"{'max_depth': 10, 'max_features': 0.7, 'max_samples': 0.7, 'min_samples_split': 0.07}",0.8756936736958935,0.881243063263041,0.8856825749167592,0.8623751387347391,0.8777777777777778,0.8765544456776422,0.007856158011152498,179
1.9295124053955077,0.21011763569032885,0.04251680374145508,0.004710988958459707,10,0.7,0.7,0.1,"{'max_depth': 10, 'max_features': 0.7, 'max_samples': 0.7, 'min_samples_split': 0.1}",0.8634850166481687,0.8701442841287459,0.8756936736958935,0.8601553829078802,0.8722222222222222,0.8683401159205821,0.005708982880507298,252
3.2173505306243895,0.09902349875923887,0.05509982109069824,0.009242842208168093,10,0.7,0.8,0.01,"{'max_depth': 10, 'max_features': 0.7, 'max_samples': 0.8, 'min_samples_split': 0.01}",0.9001109877913429,0.9123196448390677,0.9178690344062154,0.8901220865704772,0.9077777777777778,0.9056399062769762,0.009696521486361659,9
2.843357515335083,0.09138986208386068,0.04387979507446289,0.010362293195130339,10,0.7,0.8,0.03,"{'max_depth': 10, 'max_features': 0.7, 'max_samples': 0.8, 'min_samples_split': 0.03}",0.8867924528301887,0.8990011098779135,0.9056603773584906,0.8679245283018868,0.89,0.8898756936736959,0.012835925734216139,58
2.594429874420166,0.0612113897748454,0.04597759246826172,0.0025186229183558648,10,0.7,0.8,0.07,"{'max_depth': 10, 'max_features': 0.7, 'max_samples': 0.8, 'min_samples_split': 0.07}",0.8779134295227525,0.881243063263041,0.8867924528301887,0.8645948945615982,0.8777777777777778,0.8776643235910715,0.0073077359259879375,175
2.404919672012329,0.0722062813710998,0.04651799201965332,0.0010346284998808434,10,0.7,0.8,0.1,"{'max_depth': 10, 'max_features': 0.7, 'max_samples': 0.8, 'min_samples_split': 0.1}",0.8657047724750278,0.8845726970033296,0.876803551609323,0.8612652608213096,0.8744444444444445,0.872558145270687,0.008251412130692137,188
3.4653016567230224,0.05103486981860741,0.052178478240966795,0.003423761356444845,10,0.7,0.9,0.01,"{'max_depth': 10, 'max_features': 0.7, 'max_samples': 0.9, 'min_samples_split': 0.01}",0.902330743618202,0.9112097669256382,0.9267480577136515,0.8901220865704772,0.9166666666666666,0.9094154642989272,0.012479150159132018,2
2.599380302429199,0.6007811766434464,0.04129328727722168,0.014579385845753462,10,0.7,0.9,0.03,"{'max_depth': 10, 'max_features': 0.7, 'max_samples': 0.9, 'min_samples_split': 0.03}",0.8867924528301887,0.8990011098779135,0.9034406215316315,0.8690344062153164,0.8877777777777778,0.8892092736465657,0.011944260534303645,62
2.7147897243499757,0.07547437233027246,0.04706196784973145,0.00465209433556915,10,0.7,0.9,0.07,"{'max_depth': 10, 'max_features': 0.7, 'max_samples': 0.9, 'min_samples_split': 0.07}",0.8801331853496115,0.881243063263041,0.8901220865704772,0.8657047724750278,0.8777777777777778,0.8789961770871869,0.007852045345611923,151
2.4995445251464843,0.13670912737685673,0.044652700424194336,0.003529898325459072,10,0.7,0.9,0.1,"{'max_depth': 10, 'max_features': 0.7, 'max_samples': 0.9, 'min_samples_split': 0.1}",0.8701442841287459,0.8701442841287459,0.8756936736958935,0.8601553829078802,0.8744444444444445,0.8701164138611419,0.0054600616690621,209
3.693651723861694,0.03170242557080265,0.04865841865539551,0.008155085618277345,10,0.7,1.0,0.01,"{'max_depth': 10, 'max_features': 0.7, 'max_samples': 1.0, 'min_samples_split': 0.01}",0.9012208657047724,0.9089900110987791,0.9234184239733629,0.8923418423973363,0.91,0.9071942286348502,0.010301418772539905,4
3.3546582221984864,0.04097099163099983,0.05057029724121094,0.0009791247042949202,10,0.7,1.0,0.03,"{'max_depth': 10, 'max_features': 0.7, 'max_samples': 1.0, 'min_samples_split': 0.03}",0.8834628190899001,0.8990011098779135,0.9078801331853497,0.8723640399556049,0.8922222222222222,0.8909860648661979,0.012284605119434468,51
2.944400453567505,0.07227665862244445,0.05080256462097168,0.004040589578690731,10,0.7,1.0,0.07,"{'max_depth': 10, 'max_features': 0.7, 'max_samples': 1.0, 'min_samples_split': 0.07}",0.8779134295227525,0.8823529411764706,0.8901220865704772,0.8690344062153164,0.8788888888888889,0.879662350474781,0.006830161403937839,132
2.759545373916626,0.08352996972419832,0.04849019050598145,0.003150721062084726,10,0.7,1.0,0.1,"{'max_depth': 10, 'max_features': 0.7, 'max_samples': 1.0, 'min_samples_split': 0.1}",0.8645948945615982,0.8701442841287459,0.876803551609323,0.8612652608213096,0.8777777777777778,0.870117153779751,0.006515292285852768,207
3.3691238880157472,0.027740435754423184,0.04613618850708008,0.010382873209439475,10,0.8,0.7,0.01,"{'max_depth': 10, 'max_features': 0.8, 'max_samples': 0.7, 'min_samples_split': 0.01}",0.8967813540510544,0.904550499445061,0.9156492785793563,0.8867924528301887,0.9044444444444445,0.901643605870021,0.00955669225601799,18
3.111370086669922,0.03917855766292006,0.04982709884643555,0.001786731089139529,10,0.8,0.7,0.03,"{'max_depth': 10, 'max_features': 0.8, 'max_samples': 0.7, 'min_samples_split': 0.03}",0.8823529411764706,0.8956714761376249,0.8945615982241953,0.8645948945615982,0.8833333333333333,0.8841028486866446,0.011202081836041477,96
2.6918967247009276,0.04503476365959687,0.04758706092834473,0.0012573695561622442,10,0.8,0.7,0.07,"{'max_depth': 10, 'max_features': 0.8, 'max_samples': 0.7, 'min_samples_split': 0.07}",0.8657047724750278,0.8701442841287459,0.8901220865704772,0.8634850166481687,0.8777777777777778,0.8734467875200395,0.009663387393088411,183
2.338266468048096,0.2144526479328309,0.04438791275024414,0.00460477055904702,10,0.8,0.7,0.1,"{'max_depth': 10, 'max_features': 0.8, 'max_samples': 0.7, 'min_samples_split': 0.1}",0.8657047724750278,0.8701442841287459,0.8756936736958935,0.8590455049944506,0.8766666666666667,0.869450980392157,0.006539510840704615,226
3.665092611312866,0.05231826554117491,0.05250539779663086,0.0015263564331162768,10,0.8,0.8,0.01,"{'max_depth': 10, 'max_features': 0.8, 'max_samples': 0.8, 'min_samples_split': 0.01}",0.8967813540510544,0.902330743618202,0.9234184239733629,0.8923418423973363,0.9055555555555556,0.9040855839191023,0.010679571382341144,13
3.0608469009399415,0.5021827564371939,0.0492279052734375,0.0008684737988184082,10,0.8,0.8,0.03,"{'max_depth': 10, 'max_features': 0.8, 'max_samples': 0.8, 'min_samples_split': 0.03}",0.8845726970033296,0.8990011098779135,0.9012208657047724,0.8701442841287459,0.8888888888888888,0.88876556912073,0.011173614873434724,65
2.006902837753296,0.2884716413487602,0.03904719352722168,0.0070597751083803645,10,0.8,0.8,0.07,"{'max_depth': 10, 'max_features': 0.8, 'max_samples': 0.8, 'min_samples_split': 0.07}",0.8779134295227525,0.8801331853496115,0.8901220865704772,0.8690344062153164,0.8788888888888889,0.8792183993094091,0.006711966447895497,143
2.388951873779297,0.21251550667744956,0.037111425399780275,0.007930552802891726,10,0.8,0.8,0.1,"{'max_depth': 10, 'max_features': 0.8, 'max_samples': 0.8, 'min_samples_split': 0.1}",0.8657047724750278,0.8701442841287459,0.8779134295227525,0.8612652608213096,0.8755555555555555,0.8701166605006783,0.0061348835669665135,208
3.462872362136841,0.11110850680281446,0.05095305442810059,0.00935457010370778,10,0.8,0.9,0.01,"{'max_depth': 10, 'max_features': 0.8, 'max_samples': 0.9, 'min_samples_split': 0.01}",0.9034406215316315,0.9112097669256382,0.9223085460599334,0.8890122086570478,0.9077777777777778,0.9067497841904057,0.010849842681170284,5
3.3939136505126952,0.07713784915613425,0.05171613693237305,0.0008404760805419787,10,0.8,0.9,0.03,"{'max_depth': 10, 'max_features': 0.8, 'max_samples': 0.9, 'min_samples_split': 0.03}",0.8890122086570478,0.897891231964484,0.9034406215316315,0.8701442841287459,0.89,0.8900976692563818,0.011296896362743376,56
2.893848180770874,0.11993670959976886,0.04571080207824707,0.007242384972150013,10,0.8,0.9,0.07,"{'max_depth': 10, 'max_features': 0.8, 'max_samples': 0.9, 'min_samples_split': 0.07}",0.876803551609323,0.8834628190899001,0.8912319644839067,0.8690344062153164,0.88,0.8801065482796891,0.007328750355995889,123
2.5284963130950926,0.2148722142958864,0.04202933311462402,0.004692593880007161,10,0.8,0.9,0.1,"{'max_depth': 10, 'max_features': 0.8, 'max_samples': 0.9, 'min_samples_split': 0.1}",0.8668146503884573,0.8701442841287459,0.876803551609323,0.8668146503884573,0.8733333333333333,0.8707820939696633,0.0038640598579792232,198
3.7037840366363524,0.13256834283102248,0.05041818618774414,0.005809325811760984,10,0.8,1.0,0.01,"{'max_depth': 10, 'max_features': 0.8, 'max_samples': 1.0, 'min_samples_split': 0.01}",0.904550499445061,0.9112097669256382,0.9223085460599334,0.8901220865704772,0.9088888888888889,0.9074159575779998,0.01044643989540458,3
3.708956480026245,0.07609226473646966,0.05323371887207031,0.0025246021130138413,10,0.8,1.0,0.03,"{'max_depth': 10, 'max_features': 0.8, 'max_samples': 1.0, 'min_samples_split': 0.03}",0.8834628190899001,0.897891231964484,0.9056603773584906,0.8712541620421753,0.8933333333333333,0.8903203847576766,0.011935309087462851,54
3.12229585647583,0.10478243993920479,0.04555730819702149,0.00500427897557045,10,0.8,1.0,0.07,"{'max_depth': 10, 'max_features': 0.8, 'max_samples': 1.0, 'min_samples_split': 0.07}",0.8801331853496115,0.8834628190899001,0.8912319644839067,0.8690344062153164,0.8788888888888889,0.8805502528055247,0.007185134720469169,116
2.7795787334442137,0.11239329496857149,0.04414863586425781,0.00414092810666187,10,0.8,1.0,0.1,"{'max_depth': 10, 'max_features': 0.8, 'max_samples': 1.0, 'min_samples_split': 0.1}",0.8657047724750278,0.8701442841287459,0.876803551609323,0.8612652608213096,0.8733333333333333,0.8694502404735479,0.0054891477270710125,232
3.504665470123291,0.1717944059086092,0.04813995361328125,0.0058004216300734405,10,0.9,0.7,0.01,"{'max_depth': 10, 'max_features': 0.9, 'max_samples': 0.7, 'min_samples_split': 0.01}",0.8990011098779135,0.9067702552719201,0.9189789123196448,0.8901220865704772,0.9044444444444445,0.9038633616968801,0.009484004353605403,14
3.0832406997680666,0.18634734135002842,0.04376835823059082,0.008144897228902544,10,0.9,0.7,0.03,"{'max_depth': 10, 'max_features': 0.9, 'max_samples': 0.7, 'min_samples_split': 0.03}",0.8823529411764706,0.8967813540510544,0.897891231964484,0.8657047724750278,0.8833333333333333,0.8852127266000739,0.01172048126349753,91
2.6696012020111084,0.2497522809188492,0.044448041915893556,0.008094478280436525,10,0.9,0.7,0.07,"{'max_depth': 10, 'max_features': 0.9, 'max_samples': 0.7, 'min_samples_split': 0.07}",0.8657047724750278,0.8834628190899001,0.881243063263041,0.8712541620421753,0.8788888888888889,0.8761107411518066,0.006632984695603213,180
2.615099811553955,0.0694859442669768,0.04567131996154785,0.00589513115403079,10,0.9,0.7,0.1,"{'max_depth': 10, 'max_features': 0.9, 'max_samples': 0.7, 'min_samples_split': 0.1}",0.8657047724750278,0.8701442841287459,0.8834628190899001,0.8601553829078802,0.8733333333333333,0.8705601183869774,0.007825295253380323,204
4.059780693054199,0.05268669524838578,0.05073690414428711,0.0007647555610763269,10,0.9,0.8,0.01,"{'max_depth': 10, 'max_features': 0.9, 'max_samples': 0.8, 'min_samples_split': 0.01}",0.8990011098779135,0.9034406215316315,0.9178690344062154,0.8890122086570478,0.9122222222222223,0.904309039339006,0.010093693309493475,12
3.655037450790405,0.038568162789719085,0.049700164794921876,0.0036355440093997823,10,0.9,0.8,0.03,"{'max_depth': 10, 'max_features': 0.9, 'max_samples': 0.8, 'min_samples_split': 0.03}",0.8801331853496115,0.8990011098779135,0.902330743618202,0.8723640399556049,0.8833333333333333,0.887432482426933,0.011427441071815947,78
3.2859686374664308,0.04119541185190103,0.047054195404052736,0.0024891662019623094,10,0.9,0.8,0.07,"{'max_depth': 10, 'max_features': 0.9, 'max_samples': 0.8, 'min_samples_split': 0.07}",0.881243063263041,0.8834628190899001,0.8901220865704772,0.8668146503884573,0.8811111111111111,0.8805507460845974,0.007610050786911756,115
3.0511146545410157,0.028725977091401008,0.044968175888061526,0.0013865454815638065,10,0.9,0.8,0.1,"{'max_depth': 10, 'max_features': 0.9, 'max_samples': 0.8, 'min_samples_split': 0.1}",0.8645948945615982,0.8701442841287459,0.8779134295227525,0.8612652608213096,0.8744444444444445,0.8696724626957701,0.0061216125495299235,219
4.2777539730072025,0.16670863474051242,0.05278258323669434,0.0029001860516216604,10,0.9,0.9,0.01,"{'max_depth': 10, 'max_features': 0.9, 'max_samples': 0.9, 'min_samples_split': 0.01}",0.897891231964484,0.9056603773584906,0.9234184239733629,0.8879023307436182,0.9122222222222223,0.9054189172524356,0.012114638685547121,10
3.965985107421875,0.037257470596872545,0.051439666748046876,0.0006031936260782676,10,0.9,0.9,0.03,"{'max_depth': 10, 'max_features': 0.9, 'max_samples': 0.9, 'min_samples_split': 0.03}",0.8834628190899001,0.897891231964484,0.902330743618202,0.8734739178690344,0.8944444444444445,0.890320631397213,0.010482404007681419,53
3.571056079864502,0.027345569767621803,0.05118989944458008,0.003229816242853408,10,0.9,0.9,0.07,"{'max_depth': 10, 'max_features': 0.9, 'max_samples': 0.9, 'min_samples_split': 0.07}",0.876803551609323,0.8834628190899001,0.8901220865704772,0.8690344062153164,0.88,0.8798845726970033,0.006997751991077994,128
3.2974613666534425,0.041261633667997455,0.043899822235107425,0.005549751425469792,10,0.9,0.9,0.1,"{'max_depth': 10, 'max_features': 0.9, 'max_samples': 0.9, 'min_samples_split': 0.1}",0.8634850166481687,0.8701442841287459,0.8845726970033296,0.8612652608213096,0.8733333333333333,0.8705601183869774,0.008254301188217067,204
4.60246901512146,0.04978597314289792,0.05240020751953125,0.003937169376673227,10,0.9,1.0,0.01,"{'max_depth': 10, 'max_features': 0.9, 'max_samples': 1.0, 'min_samples_split': 0.01}",0.9012208657047724,0.9089900110987791,0.9211986681465039,0.8845726970033296,0.9144444444444444,0.9060853372795659,0.012595089105204469,6
4.229555702209472,0.04378757751217565,0.050547027587890626,0.004033109285897788,10,0.9,1.0,0.03,"{'max_depth': 10, 'max_features': 0.9, 'max_samples': 1.0, 'min_samples_split': 0.03}",0.8845726970033296,0.8990011098779135,0.904550499445061,0.8723640399556049,0.8944444444444445,0.8909865581452706,0.011385133457188076,50
3.7064955711364744,0.07371003216434452,0.0482295036315918,0.000902978324006828,10,0.9,1.0,0.07,"{'max_depth': 10, 'max_features': 0.9, 'max_samples': 1.0, 'min_samples_split': 0.07}",0.8790233074361821,0.8834628190899001,0.8923418423973363,0.8690344062153164,0.8777777777777778,0.8803280305833023,0.007614599352717159,120
3.4302951812744142,0.08156223264890168,0.04472169876098633,0.003428134327833929,10,0.9,1.0,0.1,"{'max_depth': 10, 'max_features': 0.9, 'max_samples': 1.0, 'min_samples_split': 0.1}",0.8657047724750278,0.8701442841287459,0.8779134295227525,0.8612652608213096,0.8744444444444445,0.869894438278456,0.005951221769802973,211
3.9361008644104003,0.23857562269449326,0.051271677017211914,0.0034549060728556154,10,1.0,0.7,0.01,"{'max_depth': 10, 'max_features': 1.0, 'max_samples': 0.7, 'min_samples_split': 0.01}",0.8990011098779135,0.9034406215316315,0.9178690344062154,0.8890122086570478,0.9066666666666666,0.9031979282278948,0.009446484286731227,15
3.6823548793792726,0.04938197297329752,0.04820957183837891,0.004986099671689134,10,1.0,0.7,0.03,"{'max_depth': 10, 'max_features': 1.0, 'max_samples': 0.7, 'min_samples_split': 0.03}",0.8867924528301887,0.8990011098779135,0.8967813540510544,0.8679245283018868,0.8877777777777778,0.8876554445677642,0.01097337798557574,74
3.107983636856079,0.18960526135422784,0.04297375679016113,0.006104113517846997,10,1.0,0.7,0.07,"{'max_depth': 10, 'max_features': 1.0, 'max_samples': 0.7, 'min_samples_split': 0.07}",0.8657047724750278,0.8723640399556049,0.8879023307436182,0.8601553829078802,0.88,0.8732253052164263,0.009893782163073952,184
3.0152940273284914,0.03735643259188258,0.043452787399291995,0.0010557937766790914,10,1.0,0.7,0.1,"{'max_depth': 10, 'max_features': 1.0, 'max_samples': 0.7, 'min_samples_split': 0.1}",0.8634850166481687,0.8701442841287459,0.876803551609323,0.8612652608213096,0.8733333333333333,0.869006289308176,0.0058518991006476315,244
4.298179864883423,0.17005867819932852,0.050139236450195315,0.004375566387241655,10,1.0,0.8,0.01,"{'max_depth': 10, 'max_features': 1.0, 'max_samples': 0.8, 'min_samples_split': 0.01}",0.902330743618202,0.9100998890122086,0.9200887902330743,0.8879023307436182,0.9088888888888889,0.9058621284991984,0.010625844072933027,7
3.7513943672180177,0.1945066321359117,0.04586858749389648,0.004756927527039168,10,1.0,0.8,0.03,"{'max_depth': 10, 'max_features': 1.0, 'max_samples': 0.8, 'min_samples_split': 0.03}",0.8867924528301887,0.8967813540510544,0.902330743618202,0.8668146503884573,0.8855555555555555,0.8876549512886915,0.012150223171014728,75
3.4102593421936036,0.06380131256251946,0.046982526779174805,0.003240161411816002,10,1.0,0.8,0.07,"{'max_depth': 10, 'max_features': 1.0, 'max_samples': 0.8, 'min_samples_split': 0.07}",0.8745837957824639,0.8823529411764706,0.8901220865704772,0.8690344062153164,0.8788888888888889,0.8789964237267233,0.007124201360387414,150
3.0789146423339844,0.06704205354250027,0.03756346702575684,0.007631736398333479,10,1.0,0.8,0.1,"{'max_depth': 10, 'max_features': 1.0, 'max_samples': 0.8, 'min_samples_split': 0.1}",0.8645948945615982,0.8701442841287459,0.8779134295227525,0.8612652608213096,0.8744444444444445,0.8696724626957701,0.0061216125495299235,219
3.7956576347351074,1.0370268930684345,0.037213897705078124,0.013453867022007475,10,1.0,0.9,0.01,"{'max_depth': 10, 'max_features': 1.0, 'max_samples': 0.9, 'min_samples_split': 0.01}",0.897891231964484,0.9145394006659268,0.9200887902330743,0.8845726970033296,0.9111111111111111,0.9056406461955853,0.012820098187893201,8
4.111146116256714,0.20123066834177575,0.044915771484375,0.010639273297854841,10,1.0,0.9,0.03,"{'max_depth': 10, 'max_features': 1.0, 'max_samples': 0.9, 'min_samples_split': 0.03}",0.8879023307436182,0.8967813540510544,0.9001109877913429,0.8712541620421753,0.8844444444444445,0.8880986558145271,0.010166751132051307,71
3.8609426975250245,0.1063218934958252,0.046200227737426755,0.006585432623596887,10,1.0,0.9,0.07,"{'max_depth': 10, 'max_features': 1.0, 'max_samples': 0.9, 'min_samples_split': 0.07}",0.8790233074361821,0.8834628190899001,0.8901220865704772,0.8690344062153164,0.8777777777777778,0.8798840794179306,0.006935661636826339,130
3.653908538818359,0.05118108460582695,0.04216389656066895,0.010045326477096616,10,1.0,0.9,0.1,"{'max_depth': 10, 'max_features': 1.0, 'max_samples': 0.9, 'min_samples_split': 0.1}",0.8634850166481687,0.8701442841287459,0.8779134295227525,0.8612652608213096,0.8744444444444445,0.8694504871130843,0.0063186569090446475,229
5.067679214477539,0.08878791254122867,0.05376520156860352,0.0009818128105835088,10,1.0,1.0,0.01,"{'max_depth': 10, 'max_features': 1.0, 'max_samples': 1.0, 'min_samples_split': 0.01}",0.904550499445061,0.9112097669256382,0.9223085460599334,0.8945615982241953,0.9155555555555556,0.9096371932420768,0.009499591587286355,1
4.626000690460205,0.11147895428870187,0.05401153564453125,0.0076755543869782405,10,1.0,1.0,0.03,"{'max_depth': 10, 'max_features': 1.0, 'max_samples': 1.0, 'min_samples_split': 0.03}",0.8845726970033296,0.8967813540510544,0.8990011098779135,0.8712541620421753,0.8977777777777778,0.8898774201504501,0.010661027140211464,57
4.08581657409668,0.13008794069406024,0.0466670036315918,0.001742587094699079,10,1.0,1.0,0.07,"{'max_depth': 10, 'max_features': 1.0, 'max_samples': 1.0, 'min_samples_split': 0.07}",0.876803551609323,0.8834628190899001,0.8923418423973363,0.8645948945615982,0.8766666666666667,0.8787739548649649,0.009115283028386947,154
3.814904260635376,0.09360403860355272,0.04752635955810547,0.002753135764667128,10,1.0,1.0,0.1,"{'max_depth': 10, 'max_features': 1.0, 'max_samples': 1.0, 'min_samples_split': 0.1}",0.8634850166481687,0.8701442841287459,0.8779134295227525,0.8612652608213096,0.8744444444444445,0.8694504871130843,0.0063186569090446475,229
